Tokyo,Shin-Titose
Shin-Titose,Tokyo
Tokyo,Osaka
Osaka,Tokyo
Tokyo,Kansai
Kansai,Tokyo
Tokyo,Fukuoka
Fukuoka,Tokyo
Tokyo,Naha
Naha,Tokyo
Narita,Shin-Titose
Shin-Titose,Narita
Narita,Osaka
Osaka,Narita
Narita,Kansai
Kansai,Narita
Narita,Fukuoka
Fukuoka,Narita
Narita,Naha
Naha,Narita
Osaka,Shin-Titose
Shin-Titose,Osaka
Osaka,Fukuoka
Fukuoka,Osaka
Osaka,Naha
Naha,Osaka
Kansai,Shin-Titose
Shin-Titose,Kansai
Kansai,Fukuoka
Fukuoka,Kansai
Kansai,Naha
Naha,Kansai
Fukuoka,Shin-Titose
Shin-Titose,Fukuoka
Fukuoka,Naha
Naha,Fukuoka
Shin-Titose,Naha
Naha,Shin-Titose
Tokyo,Wakkanai
Wakkanai,Tokyo
Tokyo,Kushiro
Kushiro,Tokyo
Tokyo,Hakodate
Hakodate,Tokyo
Tokyo,Asahikawa
Asahikawa,Tokyo
Tokyo,Obihiro
Obihiro,Tokyo
Tokyo,Nakashibetsu
Nakashibetsu,Tokyo
Tokyo,Memanbetsu
Memanbetsu,Tokyo
Tokyo,Monbetsu
Monbetsu,Tokyo
Tokyo,Aomori
Aomori,Tokyo
Tokyo,Misawa
Misawa,Tokyo
Tokyo,Akita
Akita,Tokyo
Tokyo,Odate
Odate,Tokyo
Tokyo,Yamagata
Yamagata,Tokyo
Tokyo,Shonai
Shonai,Tokyo
Tokyo,Oshima
Oshima,Tokyo
Tokyo,Miyakejima
Miyakejima,Tokyo
Tokyo,Hatijojima
Hatijojima,Tokyo
Tokyo,Toyama
Toyama,Tokyo
Tokyo,Kanazawa
Kanazawa,Tokyo
Tokyo,Noto
Noto,Tokyo
Tokyo,Nakabe
Nakabe,Tokyo
Tokyo,Nanki-Shirahama
Nanki-Shirahama,Tokyo
Tokyo,Koube
Koube,Tokyo
Tokyo,Tottori
Tottori,Tokyo
Tokyo,Yonago
Yonago,Tokyo
Tokyo,Izumo
Izumo,Tokyo
Tokyo,Iwami
Iwami,Tokyo
Tokyo,Okayama
Okayama,Tokyo
Tokyo,Hiroshima
Hiroshima,Tokyo
Tokyo,Iwakuni
Iwakuni,Tokyo
Tokyo,Yamaguti-Ube
Yamaguti-Ube,Tokyo
Tokyo,Tokushima
Tokushima,Tokyo
Tokyo,Takamatsu
Takamatsu,Tokyo
Tokyo,Matsuyame
Matsuyame,Tokyo
Tokyo,Kochi
Kochi,Tokyo
Tokyo,Kita-Kyushu
Kita-Kyushu,Tokyo
Tokyo,Saga
Saga,Tokyo
Tokyo,Nagasaki
Nagasaki,Tokyo
Tokyo,Kumamoto
Kumamoto,Tokyo
Tokyo,Oita
Oita,Tokyo
Tokyo,Miyazaki
Miyazaki,Tokyo
Tokyo,Kagoshima
Kagoshima,Tokyo
Tokyo,Amami
Amami,Tokyo
Tokyo,Kumajima
Kumajima,Tokyo
Tokyo,Miyako
Miyako,Tokyo
Tokyo,Ishigaki
Ishigaki,Tokyo
Narita,Asahikawa
Asahikawa,Narita
Narita,Sendai
Sendai,Narita
Narita,Niigata
Niigata,Narita
Narita,Kanazawa
Kanazawa,Narita
Narita,Nakabe
Nakabe,Narita
Narita,Yonago
Yonago,Narita
Narita,Hiroshima
Hiroshima,Narita
Narita,Takamatsu
Takamatsu,Narita
Narita,Matsuyame
Matsuyame,Narita
Narita,Oita
Oita,Narita
Narita,Kagoshima
Kagoshima,Narita
Narita,Ishigaki
Ishigaki,Narita
Osaka,Kushiro
Kushiro,Osaka
Osaka,Hakodate
Hakodate,Osaka
Osaka,Asahikawa
Asahikawa,Osaka
Osaka,Aomori
Aomori,Osaka
Osaka,Misawa
Misawa,Osaka
Osaka,Hanamaki
Hanamaki,Osaka
Osaka,Sendai
Sendai,Osaka
Osaka,Akita
Akita,Osaka
Osaka,Yamagata
Yamagata,Osaka
Osaka,Fukushima
Fukushima,Osaka
Osaka,Niigata
Niigata,Osaka
Osaka,Tajima
Tajima,Osaka
Osaka,Oki
Oki,Osaka
Osaka,Izumo
Izumo,Osaka
Osaka,Iwami
Iwami,Osaka
Osaka,Matsuyame
Matsuyame,Osaka
Osaka,Kochi
Kochi,Osaka
Osaka,Nagasaki
Nagasaki,Osaka
Osaka,Kumamoto
Kumamoto,Osaka
Osaka,Oita
Oita,Osaka
Osaka,Miyazaki
Miyazaki,Osaka
Osaka,Kagoshima
Kagoshima,Osaka
Osaka,Tanegashima
Tanegashima,Osaka
Osaka,Yakushima
Yakushima,Osaka
Osaka,Amami
Amami,Osaka
Kansai,Hakodate
Hakodate,Kansai
Kansai,Asahikawa
Asahikawa,Kansai
Kansai,Memanbetsu
Memanbetsu,Kansai
Kansai,Sendai
Sendai,Kansai
Kansai,Matsuyame
Matsuyame,Kansai
Kansai,Nagasaki
Nagasaki,Kansai
Kansai,Saga
Saga,Kansai
Kansai,Kagoshima
Kagoshima,Kansai
Kansai,Ishigaki
Ishigaki,Kansai
Shin-Titose,Wakkanai
Wakkanai,Shin-Titose
Shin-Titose,Kushiro
Kushiro,Shin-Titose
Shin-Titose,Hakodate
Hakodate,Shin-Titose
Shin-Titose,Rishiri
Rishiri,Shin-Titose
Shin-Titose,Nakashibetsu
Nakashibetsu,Shin-Titose
Shin-Titose,Monbetsu
Monbetsu,Shin-Titose
Shin-Titose,Memanbetsu
Memanbetsu,Shin-Titose
Shin-Titose,Aomori
Aomori,Shin-Titose
Shin-Titose,Hanamaki
Hanamaki,Shin-Titose
Shin-Titose,Akita
Akita,Shin-Titose
Shin-Titose,Ibaraki
Ibaraki,Shin-Titose
Shin-Titose,Matsumoto
Matsumoto,Shin-Titose
Okadama,Rishiri
Rishiri,Okadama
Okadama,Kushiro
Kushiro,Okadama
Okadama,Hakodate
Hakodate,Okadama
Okadama,Misawa
Misawa,Okadama
Hakodate,Asahikawa
Asahikawa,Hakodate
Hakodate,Okushiri
Okushiri,Hakodate
Sendai,Shin-Titose
Shin-Titose,Sendai
Sendai,Hiroshima
Hiroshima,Sendai
Sendai,Naha
Naha,Sendai
Fukushima,Shin-Titose
Shin-Titose,Fukushima
Ibaraki,Yonago
Yonago,Ibaraki
Oshima,Tyofu
Tyofu,Oshima
Oshima,Toshima
Toshima,Oshima
Miyakejima,Oshima
Oshima,Miyakejima
Miyakejima,Mikurajima
Mikurajima,Miyakejima
Hatijojima,Aogashima
Aogashima,Hatijojima
Hatijojima,Mikurajima
Mikurajima,Hatijojima
Tyofu,Kozushima
Kozushima,Tyofu
Nijima,Tyofu
Tyofu,Nijima
Niigata,Shin-Titose
Shin-Titose,Niigata
Niigata,Naha
Naha,Niigata
Toyama,Shin-Titose
Shin-Titose,Toyama
Kanazawa,Shin-Titose
Shin-Titose,Kanazawa
Kanazawa,Sendai
Sendai,Kanazawa
Shizuoka,Shin-Titose
Shin-Titose,Shizuoka
Shizuoka,Fukuoka
Fukuoka,Shizuoka
Shizuoka,Kagoshima
Kagoshima,Shizuoka
Shizuoka,Naha
Naha,Shizuoka
Nagoya,Aomori
Aomori,Nagoya
Nagoya,Hanamaki
Hanamaki,Nagoya
Nagoya,Yamagata
Yamagata,Nagoya
Nagoya,Niigata
Niigata,Nagoya
Nagoya,Kochi
Kochi,Nagoya
Nagoya,Fukuoka
Fukuoka,Nagoya
Nagoya,Kumamoto
Kumamoto,Nagoya
Nakabe,Hakodate
Hakodate,Nakabe
Nakabe,Asahikawa
Asahikawa,Nakabe
Nakabe,Memanbetsu
Memanbetsu,Nakabe
Nakabe,Shin-Titose
Shin-Titose,Nakabe
Nakabe,Sendai
Sendai,Nakabe
Nakabe,Akita
Akita,Nakabe
Nakabe,Niigata
Niigata,Nakabe
Nakabe,Matsuyame
Matsuyame,Nakabe
Nakabe,Fukuoka
Fukuoka,Nakabe
Nakabe,Nagasaki
Nagasaki,Nakabe
Nakabe,Kumamoto
Kumamoto,Nakabe
Nakabe,Oita
Oita,Nakabe
Nakabe,Miyazaki
Miyazaki,Nakabe
Nakabe,Kagoshima
Kagoshima,Nakabe
Nakabe,Naha
Naha,Nakabe
Nakabe,Ishigaki
Ishigaki,Nakabe
Koube,Shin-Titose
Shin-Titose,Koube
Koube,Ibaraki
Ibaraki,Koube
Koube,Yonago
Yonago,Koube
Koube,Nagasaki
Nagasaki,Koube
Koube,Kagoshima
Kagoshima,Koube
Koube,Naha
Naha,Koube
Koube,Ishigaki
Ishigaki,Koube
Izumo,Oki
Oki,Izumo
Okayama,Shin-Titose
Shin-Titose,Okayama
Hiroshima,Shin-Titose
Shin-Titose,Hiroshima
Hiroshima,Naha
Naha,Hiroshima
Takamatsu,Naha
Naha,Takamatsu
Fukuoka,Hanamaki
Hanamaki,Fukuoka
Fukuoka,Sendai
Sendai,Fukuoka
Fukuoka,Niigata
Niigata,Fukuoka
Fukuoka,Kanazawa
Kanazawa,Fukuoka
Fukuoka,Matsumoto
Matsumoto,Fukuoka
Fukuoka,Izumo
Izumo,Fukuoka
Fukuoka,Tokushima
Tokushima,Fukuoka
Fukuoka,Matsuyame
Matsuyame,Fukuoka
Fukuoka,Kochi
Kochi,Fukuoka
Fukuoka,Fukue
Fukue,Fukuoka
Fukuoka,Tsushima
Tsushima,Fukuoka
Fukuoka,Miyazaki
Miyazaki,Fukuoka
Fukuoka,Yakushima
Yakushima,Fukuoka
Fukuoka,Amami
Amami,Fukuoka
Fukuoka,Ishigaki
Ishigaki,Fukuoka
Nagasaki,Iki
Iki,Nagasaki
Nagasaki,Fukue
Fukue,Nagasaki
Nagasaki,Tsushima
Tsushima,Nagasaki
Nagasaki,Naha
Naha,Nagasaki
Kumamoto,Naha
Naha,Kumamoto
Amakusa,Fukuoka
Fukuoka,Amakusa
Amakusa,Kumamoto
Kumamoto,Amakusa
Miyazaki,Naha
Naha,Miyazaki
Kagoshima,Matsuyame
Matsuyame,Kagoshima
Kagoshima,Fukuoka
Fukuoka,Kagoshima
Kagoshima,Tanegashima
Tanegashima,Kagoshima
Kagoshima,Yakushima
Yakushima,Kagoshima
Kagoshima,Amami
Amami,Kagoshima
Kagoshima,Kikaijima
Kikaijima,Kagoshima
Kagoshima,Tokunoshima
Tokunoshima,Kagoshima
Kagoshima,Okinoerabu
Okinoerabu,Kagoshima
Kagoshima,Yoron
Yoron,Kagoshima
Kagoshima,Naha
Naha,Kagoshima
Amami,Kikaijima
Kikaijima,Amami
Amami,Tokunoshima
Tokunoshima,Amami
Amami,Okinoerabu
Okinoerabu,Amami
Amami,Yoron
Yoron,Amami
Amami,Naha
Naha,Amami
Yoron,Okinoerabu
Okinoerabu,Yoron
Minami-Daitoujima,Kita-Daitoujima
Kita-Daitoujima,Minami-Daitoujima
Naha,Ibaraki
Ibaraki,Naha
Naha,Kanazawa
Kanazawa,Naha
Naha,Okayama
Okayama,Naha
Naha,Matsuyame
Matsuyame,Naha
Naha,Yoron
Yoron,Naha
Naha,Kita-Daitoujima
Kita-Daitoujima,Naha
Naha,Minami-Daitoujima
Minami-Daitoujima,Naha
Naha,Kumajima
Kumajima,Naha
Naha,Miyako
Miyako,Naha
Naha,Ishigaki
Ishigaki,Naha
Naha,Yonaguni
Yonaguni,Naha
Miyako,Ishigaki
Ishigaki,Miyako
Tarama,Miyako
Miyako,Tarama
Ishigaki,Yonaguni
Yonaguni,Ishigaki
